client_id,train_samples,validation_samples,train_class_distribution,validation_class_distribution,train_feature_fingerprint_sha256,train_label_fingerprint_sha256,validation_feature_fingerprint_sha256,validation_label_fingerprint_sha256
client_0,3486,872,"{""0"": 135, ""1"": 12, ""10"": 1, ""11"": 85, ""12"": 23, ""13"": 162, ""14"": 229, ""15"": 1, ""16"": 17, ""17"": 85, ""18"": 2, ""19"": 74, ""2"": 43, ""20"": 59, ""21"": 27, ""22"": 155, ""23"": 96, ""24"": 126, ""25"": 16, ""26"": 31, ""27"": 96, ""28"": 23, ""29"": 1, ""3"": 5, ""30"": 289, ""31"": 3, ""32"": 47, ""33"": 204, ""34"": 2, ""35"": 1, ""36"": 482, ""37"": 56, ""38"": 363, ""39"": 6, ""4"": 44, ""40"": 88, ""43"": 75, ""44"": 28, ""45"": 1, ""5"": 69, ""6"": 4, ""7"": 92, ""8"": 10, ""9"": 118}","{""0"": 36, ""1"": 6, ""11"": 30, ""12"": 5, ""13"": 33, ""14"": 61, ""15"": 1, ""16"": 7, ""17"": 23, ""19"": 20, ""2"": 7, ""20"": 15, ""21"": 8, ""22"": 34, ""23"": 11, ""24"": 37, ""25"": 6, ""26"": 5, ""27"": 17, ""28"": 5, ""3"": 1, ""30"": 60, ""31"": 1, ""32"": 15, ""33"": 48, ""36"": 132, ""37"": 12, ""38"": 91, ""39"": 3, ""4"": 12, ""40"": 20, ""43"": 17, ""44"": 8, ""45"": 1, ""5"": 25, ""6"": 5, ""7"": 13, ""8"": 4, ""9"": 37}",1c22ed850a2936a08aa6c7e6cd954f647eae30f7e1c1b6989f92411725379365,23ba989937e22407bc05035fb799bef5e40510d57c31df898803adfd70aa640d,e328ccef71a14ff9c081a5e85a0f58ee2f7f7ef4bbb0a50dfccba58b73495adf,acbd2d90d2f228c995930e1510d6826dc985e3c3942fd41ffbfa1fc738759968
client_1,5532,1383,"{""0"": 27, ""1"": 16, ""10"": 503, ""11"": 11, ""12"": 36, ""13"": 259, ""14"": 355, ""15"": 184, ""16"": 121, ""17"": 231, ""18"": 158, ""19"": 60, ""2"": 245, ""20"": 63, ""21"": 40, ""22"": 81, ""24"": 110, ""25"": 138, ""26"": 14, ""27"": 33, ""28"": 1, ""29"": 21, ""3"": 42, ""30"": 774, ""31"": 1, ""32"": 85, ""33"": 14, ""34"": 8, ""35"": 5, ""36"": 106, ""37"": 6, ""38"": 14, ""39"": 2, ""4"": 6, ""40"": 137, ""41"": 50, ""42"": 303, ""43"": 12, ""44"": 1, ""45"": 259, ""46"": 59, ""5"": 333, ""6"": 92, ""7"": 390, ""8"": 74, ""9"": 52}","{""0"": 7, ""1"": 5, ""10"": 133, ""11"": 2, ""12"": 5, ""13"": 63, ""14"": 102, ""15"": 51, ""16"": 41, ""17"": 73, ""18"": 32, ""19"": 13, ""2"": 50, ""20"": 23, ""21"": 5, ""22"": 20, ""23"": 1, ""24"": 25, ""25"": 39, ""26"": 1, ""27"": 10, ""29"": 3, ""3"": 9, ""30"": 195, ""32"": 17, ""33"": 2, ""34"": 2, ""36"": 16, ""37"": 2, ""38"": 2, ""39"": 2, ""40"": 41, ""41"": 10, ""42"": 79, ""43"": 3, ""44"": 1, ""45"": 74, ""46"": 17, ""5"": 66, ""6"": 24, ""7"": 82, ""8"": 11, ""9"": 24}",0e3748284cd8ed7ec4a91a6ea4bf077141266cc6773ec1d85a0231a2a88263e5,1839d2713da9c8f982882611317fbb5f1f7858269fe2728f76c27004aee9f24c,1e1ffb0500728f9e5a270d00bb343d58b2fe4b0bb7a00697bd97be47ca8bbd41,be075fcb2490a1778fe91be666da6408401da51c878027ef823de6d96386f269
client_2,3275,819,"{""0"": 8, ""1"": 159, ""10"": 9, ""11"": 133, ""13"": 30, ""14"": 47, ""15"": 1, ""16"": 3, ""17"": 4, ""18"": 44, ""19"": 115, ""2"": 4, ""20"": 27, ""21"": 229, ""22"": 116, ""23"": 434, ""24"": 2, ""25"": 111, ""26"": 22, ""27"": 306, ""28"": 54, ""29"": 159, ""3"": 188, ""31"": 57, ""32"": 7, ""33"": 110, ""34"": 14, ""35"": 18, ""36"": 11, ""37"": 5, ""38"": 37, ""39"": 13, ""4"": 1, ""40"": 8, ""42"": 9, ""43"": 6, ""44"": 127, ""45"": 46, ""46"": 67, ""5"": 1, ""6"": 71, ""7"": 292, ""8"": 19, ""9"": 151}","{""1"": 44, ""10"": 2, ""11"": 37, ""13"": 8, ""14"": 9, ""15"": 1, ""18"": 13, ""19"": 27, ""2"": 2, ""20"": 5, ""21"": 68, ""22"": 37, ""23"": 114, ""25"": 14, ""26"": 2, ""27"": 73, ""28"": 9, ""29"": 46, ""3"": 42, ""31"": 13, ""32"": 2, ""33"": 22, ""34"": 2, ""35"": 3, ""36"": 2, ""38"": 9, ""39"": 4, ""40"": 2, ""42"": 4, ""43"": 3, ""44"": 34, ""45"": 17, ""46"": 18, ""6"": 11, ""7"": 80, ""8"": 3, ""9"": 37}",e98f092943fcc298852d28e02700df6bca334d1d7e96472aab78b0282aa1681d,6c2837aedca994cbdb0edcd7959ec9d422cf3f417f562513c11aa24483f184eb,492bed66cef8b3502fd492733d0afb7a933b4848faf43f4b540647a87aac7f77,0fbaa746c1548d77ebf3a720976bfd82426b82e4c43100e0f38c5bac906350ed
client_3,3394,849,"{""0"": 16, ""1"": 110, ""10"": 3, ""11"": 7, ""12"": 31, ""13"": 1, ""14"": 29, ""15"": 9, ""16"": 57, ""17"": 14, ""18"": 7, ""19"": 8, ""2"": 81, ""20"": 23, ""21"": 13, ""23"": 48, ""24"": 1, ""25"": 18, ""26"": 16, ""27"": 49, ""29"": 24, ""3"": 36, ""30"": 11, ""31"": 278, ""32"": 330, ""33"": 146, ""34"": 100, ""35"": 173, ""36"": 180, ""37"": 98, ""38"": 39, ""39"": 10, ""4"": 201, ""40"": 28, ""41"": 208, ""42"": 183, ""43"": 5, ""44"": 215, ""45"": 162, ""46"": 5, ""5"": 37, ""6"": 82, ""7"": 119, ""8"": 138, ""9"": 45}","{""0"": 3, ""1"": 30, ""10"": 2, ""11"": 2, ""12"": 5, ""14"": 12, ""16"": 19, ""17"": 5, ""18"": 3, ""19"": 1, ""2"": 21, ""20"": 8, ""21"": 2, ""23"": 11, ""24"": 1, ""25"": 4, ""26"": 2, ""27"": 12, ""29"": 5, ""3"": 8, ""30"": 1, ""31"": 57, ""32"": 74, ""33"": 38, ""34"": 35, ""35"": 33, ""36"": 39, ""37"": 36, ""38"": 13, ""39"": 2, ""4"": 53, ""40"": 7, ""41"": 50, ""42"": 47, ""43"": 2, ""44"": 55, ""45"": 36, ""46"": 3, ""5"": 14, ""6"": 26, ""7"": 34, ""8"": 21, ""9"": 17}",165a27da0db4369a5694d0dc5d69f32c9e433dcc5a209b181f56222484948d8c,f741e41fa4cf38355d8f6630e446f3bbd00f7c8df0300a7584294051b7c41852,766ad137e0ef1af5c626c8ab242fc908df7641b0df8a48789a2a6710067f61ce,4da0db00263c3a87bab0a6dd5161dd383a1f835065e649fc80112e26e4070af4
client_4,4300,1076,"{""0"": 15, ""1"": 124, ""10"": 267, ""11"": 535, ""12"": 189, ""13"": 20, ""14"": 87, ""15"": 257, ""16"": 59, ""17"": 1, ""18"": 10, ""19"": 4, ""2"": 119, ""20"": 30, ""21"": 27, ""22"": 2, ""23"": 173, ""24"": 88, ""25"": 72, ""26"": 693, ""27"": 103, ""28"": 88, ""29"": 198, ""3"": 8, ""30"": 68, ""31"": 9, ""32"": 73, ""33"": 9, ""34"": 39, ""35"": 12, ""36"": 7, ""37"": 66, ""38"": 28, ""39"": 83, ""4"": 1, ""40"": 12, ""41"": 2, ""42"": 354, ""43"": 44, ""44"": 8, ""45"": 7, ""46"": 4, ""5"": 31, ""6"": 152, ""7"": 5, ""8"": 27, ""9"": 90}","{""0"": 2, ""1"": 30, ""10"": 73, ""11"": 148, ""12"": 51, ""13"": 2, ""14"": 22, ""15"": 51, ""16"": 13, ""18"": 2, ""2"": 26, ""20"": 10, ""21"": 8, ""22"": 2, ""23"": 45, ""24"": 21, ""25"": 20, ""26"": 155, ""27"": 22, ""28"": 14, ""29"": 58, ""3"": 2, ""30"": 12, ""31"": 4, ""32"": 12, ""33"": 2, ""34"": 12, ""35"": 4, ""36"": 1, ""37"": 19, ""38"": 11, ""39"": 30, ""40"": 4, ""41"": 1, ""42"": 102, ""43"": 6, ""44"": 2, ""45"": 3, ""46"": 2, ""5"": 6, ""6"": 27, ""7"": 2, ""8"": 12, ""9"": 25}",4990a2e1e03950998cbff185def6ff89c8ee409e26ad8167ce1e6c48bed3901b,ca9c06f5f4ee343f115cabb2cf4bdce58a9990fd0ee1c305ed659b43d438539a,deb6c555b53d03abaa07acb398d8b77d9f687f7463c8c1c131fb5c574051efab,96d0a41238cadf8d4c92f8e2237b6b18ab917e526201f84244759782306788a8
client_5,5108,1277,"{""0"": 24, ""1"": 26, ""10"": 8, ""11"": 9, ""12"": 113, ""13"": 40, ""14"": 41, ""15"": 2, ""16"": 23, ""17"": 275, ""18"": 256, ""19"": 24, ""2"": 135, ""20"": 54, ""21"": 1, ""23"": 42, ""24"": 501, ""25"": 189, ""26"": 9, ""27"": 180, ""28"": 56, ""29"": 80, ""30"": 75, ""31"": 5, ""32"": 146, ""33"": 396, ""34"": 7, ""35"": 585, ""36"": 111, ""37"": 399, ""38"": 87, ""39"": 91, ""4"": 20, ""40"": 37, ""41"": 249, ""42"": 4, ""43"": 1, ""44"": 39, ""45"": 15, ""46"": 73, ""5"": 29, ""6"": 89, ""7"": 37, ""8"": 504, ""9"": 21}","{""0"": 7, ""1"": 6, ""10"": 5, ""11"": 5, ""12"": 31, ""13"": 8, ""14"": 10, ""16"": 7, ""17"": 89, ""18"": 66, ""19"": 6, ""2"": 38, ""20"": 18, ""23"": 12, ""24"": 128, ""25"": 52, ""26"": 1, ""27"": 39, ""28"": 14, ""29"": 17, ""30"": 25, ""32"": 33, ""33"": 91, ""34"": 2, ""35"": 146, ""36"": 25, ""37"": 91, ""38"": 16, ""39"": 22, ""4"": 6, ""40"": 4, ""41"": 70, ""42"": 1, ""43"": 1, ""44"": 6, ""45"": 1, ""46"": 22, ""5"": 6, ""6"": 24, ""7"": 9, ""8"": 117}",4252465411ee8497b746421d3e3c99c93c4952a72249a2e8eeb9699d5e55f7a2,691f4bc7ca63f53ec52c3cdd3ff9c157d2e46df8cfc85e09391a0ce9689b323f,60bad77cafd094371b01ad88b1766fab2143d3612719998f63059230bc47252b,fca235aaa4644b37251b943a5bba396b52ebb45ac0a0ca75a0468c0f784fbd9c
client_6,4595,1149,"{""0"": 291, ""1"": 318, ""10"": 75, ""11"": 19, ""13"": 63, ""14"": 20, ""15"": 22, ""16"": 40, ""17"": 268, ""18"": 46, ""19"": 214, ""2"": 232, ""20"": 103, ""22"": 1, ""23"": 41, ""25"": 106, ""26"": 35, ""27"": 1, ""28"": 508, ""29"": 3, ""3"": 61, ""30"": 71, ""31"": 534, ""32"": 62, ""33"": 203, ""34"": 49, ""35"": 17, ""36"": 285, ""37"": 13, ""38"": 6, ""39"": 94, ""4"": 22, ""40"": 1, ""41"": 44, ""42"": 69, ""43"": 45, ""44"": 83, ""45"": 76, ""46"": 24, ""5"": 161, ""6"": 87, ""7"": 7, ""8"": 100, ""9"": 75}","{""0"": 67, ""1"": 65, ""10"": 23, ""11"": 6, ""13"": 24, ""14"": 3, ""15"": 5, ""16"": 4, ""17"": 57, ""18"": 17, ""19"": 47, ""2"": 65, ""20"": 36, ""23"": 18, ""25"": 13, ""26"": 6, ""28"": 106, ""29"": 2, ""3"": 14, ""30"": 17, ""31"": 164, ""32"": 19, ""33"": 50, ""34"": 11, ""35"": 5, ""36"": 61, ""37"": 5, ""38"": 1, ""39"": 24, ""4"": 10, ""40"": 1, ""41"": 12, ""42"": 11, ""43"": 13, ""44"": 22, ""45"": 14, ""46"": 3, ""5"": 48, ""6"": 23, ""7"": 1, ""8"": 35, ""9"": 21}",cbe27e039ab56640f8256f8d792c2a2b11db8d8e2b94ff42d180ad6a325484bd,c56724ad0074b9397fd93fb28277f286d49b24fd7df7850456c910c29ce971c8,15fafb5fb31caa23e2923f85677b45abc7416392b71a228be186b1cd0d44786f,5c514592fefe3af39e75971a4385c2930585ccb6ea340af0ef3e8e9486b404ae
client_7,6211,1553,"{""0"": 176, ""1"": 24, ""10"": 183, ""11"": 192, ""12"": 532, ""13"": 6, ""14"": 138, ""15"": 133, ""16"": 69, ""17"": 452, ""18"": 22, ""19"": 86, ""2"": 115, ""20"": 12, ""21"": 142, ""22"": 53, ""23"": 449, ""24"": 73, ""25"": 149, ""27"": 129, ""28"": 260, ""29"": 163, ""3"": 98, ""30"": 5, ""31"": 113, ""32"": 56, ""33"": 80, ""34"": 10, ""35"": 58, ""36"": 135, ""37"": 185, ""38"": 57, ""39"": 177, ""4"": 59, ""40"": 477, ""41"": 206, ""42"": 19, ""43"": 12, ""44"": 177, ""45"": 6, ""46"": 5, ""5"": 190, ""6"": 215, ""7"": 115, ""8"": 31, ""9"": 167}","{""0"": 43, ""1"": 6, ""10"": 51, ""11"": 48, ""12"": 143, ""13"": 1, ""14"": 35, ""15"": 39, ""16"": 10, ""17"": 116, ""18"": 5, ""19"": 15, ""2"": 40, ""20"": 9, ""21"": 32, ""22"": 17, ""23"": 124, ""24"": 14, ""25"": 39, ""26"": 1, ""27"": 18, ""28"": 49, ""29"": 36, ""3"": 18, ""30"": 2, ""31"": 30, ""32"": 15, ""33"": 25, ""34"": 4, ""35"": 16, ""36"": 35, ""37"": 50, ""38"": 9, ""39"": 37, ""4"": 8, ""40"": 125, ""41"": 51, ""42"": 2, ""43"": 1, ""44"": 50, ""45"": 6, ""5"": 54, ""6"": 58, ""7"": 25, ""8"": 5, ""9"": 36}",481e5cbcedf9940d55dbaf58930a86cc5f7af7836b8d6183d652e28cfe61a5f9,f0c11800a8df82edadd912575eddf0c73b01aac9ebd5779aa703b74f2bdc5aa9,9cc05c0318cde81f8c941fd8802df4918ea02a5038c8221cd0f1dfdd472a3780,4d5431d1f80d047040522930758418a651807361278e665460123ead30fe18fb
client_8,3031,758,"{""0"": 7, ""1"": 130, ""11"": 9, ""12"": 33, ""13"": 10, ""14"": 123, ""15"": 98, ""17"": 33, ""18"": 3, ""19"": 1, ""2"": 5, ""20"": 2, ""21"": 116, ""22"": 440, ""23"": 17, ""24"": 31, ""26"": 68, ""27"": 1, ""28"": 1, ""29"": 25, ""30"": 15, ""31"": 8, ""32"": 17, ""33"": 75, ""34"": 11, ""35"": 3, ""37"": 285, ""38"": 240, ""39"": 52, ""4"": 124, ""40"": 87, ""41"": 22, ""42"": 8, ""43"": 527, ""44"": 83, ""45"": 93, ""46"": 26, ""5"": 49, ""6"": 11, ""7"": 5, ""8"": 6, ""9"": 131}","{""0"": 6, ""1"": 35, ""11"": 2, ""12"": 2, ""13"": 1, ""14"": 28, ""15"": 25, ""17"": 11, ""18"": 3, ""2"": 5, ""20"": 1, ""21"": 26, ""22"": 110, ""23"": 4, ""24"": 6, ""26"": 12, ""29"": 6, ""30"": 7, ""31"": 1, ""32"": 3, ""33"": 17, ""35"": 2, ""37"": 72, ""38"": 55, ""39"": 15, ""4"": 27, ""40"": 29, ""41"": 3, ""43"": 136, ""44"": 25, ""45"": 23, ""46"": 8, ""5"": 16, ""6"": 4, ""7"": 1, ""8"": 1, ""9"": 30}",26c8f30540e0258e623bfff71f5acc00fb9cfdb1f577eff495312843a9713e66,52d6ea293f0a43448b325329cc9a2a71d8e72386b16459fe3a4a12d9d6432c23,b2cb80bbdcee42910728cd3355f7e91950e243ce65fb8d0fdd64fa0e3cbf64e5,983b23e003d6216bc659b7c5a3d3855613ffe9e99c55bbaf794580b13db8f656
client_9,4794,1199,"{""0"": 412, ""1"": 141, ""10"": 105, ""11"": 240, ""12"": 142, ""13"": 127, ""14"": 58, ""15"": 79, ""16"": 5, ""17"": 63, ""19"": 169, ""2"": 189, ""20"": 2, ""21"": 13, ""22"": 37, ""23"": 7, ""24"": 72, ""25"": 68, ""26"": 578, ""27"": 182, ""28"": 80, ""29"": 14, ""3"": 780, ""30"": 72, ""31"": 24, ""32"": 40, ""33"": 18, ""34"": 121, ""35"": 108, ""36"": 46, ""37"": 32, ""38"": 302, ""39"": 10, ""40"": 13, ""41"": 3, ""43"": 104, ""44"": 42, ""45"": 16, ""46"": 2, ""5"": 214, ""6"": 40, ""7"": 2, ""8"": 22}","{""0"": 110, ""1"": 45, ""10"": 29, ""11"": 61, ""12"": 37, ""13"": 23, ""14"": 14, ""15"": 19, ""16"": 5, ""17"": 15, ""19"": 36, ""2"": 38, ""21"": 5, ""22"": 10, ""23"": 1, ""24"": 19, ""25"": 18, ""26"": 126, ""27"": 31, ""28"": 16, ""29"": 1, ""3"": 191, ""30"": 18, ""31"": 7, ""32"": 6, ""33"": 1, ""34"": 34, ""35"": 31, ""36"": 14, ""37"": 13, ""38"": 84, ""39"": 4, ""40"": 4, ""41"": 1, ""43"": 31, ""44"": 20, ""45"": 6, ""5"": 54, ""6"": 16, ""8"": 5}",ab863a5c8692d7046bf9e4219f31da1f8067bbe1c4a836fe49ba786b8c045e3f,9fb1fee9e0d987f96f2f422828d7ddd3b8dc1bd93c9c0b2465c67c118f49556b,1a899155dc73a4c33a1866baba56059018280cfdaf6228bf97a65f3912e1465e,08cbafcdbbb8ccbedbac451e948c875a120b5f0a808ed96572cab0968927738f
client_10,4549,1138,"{""0"": 74, ""1"": 159, ""10"": 119, ""11"": 6, ""12"": 2, ""13"": 150, ""17"": 5, ""18"": 160, ""19"": 195, ""2"": 10, ""20"": 130, ""21"": 100, ""22"": 247, ""23"": 34, ""24"": 19, ""25"": 23, ""26"": 16, ""27"": 10, ""28"": 2, ""29"": 18, ""3"": 23, ""30"": 117, ""31"": 3, ""32"": 78, ""33"": 2, ""34"": 466, ""35"": 8, ""36"": 11, ""37"": 280, ""38"": 15, ""39"": 534, ""4"": 18, ""40"": 21, ""41"": 40, ""42"": 54, ""43"": 226, ""44"": 494, ""45"": 61, ""46"": 56, ""5"": 4, ""6"": 41, ""7"": 24, ""8"": 419, ""9"": 75}","{""0"": 19, ""1"": 30, ""10"": 28, ""11"": 2, ""12"": 3, ""13"": 32, ""18"": 34, ""19"": 52, ""20"": 32, ""21"": 36, ""22"": 65, ""23"": 11, ""24"": 3, ""25"": 5, ""26"": 3, ""27"": 4, ""28"": 1, ""29"": 3, ""3"": 4, ""30"": 37, ""31"": 1, ""32"": 23, ""33"": 1, ""34"": 111, ""35"": 4, ""36"": 8, ""37"": 70, ""38"": 4, ""39"": 142, ""40"": 6, ""41"": 8, ""42"": 8, ""43"": 42, ""44"": 123, ""45"": 10, ""46"": 20, ""5"": 2, ""6"": 11, ""7"": 11, ""8"": 111, ""9"": 18}",52240a5c91fb5321e87ca93c3446c68925f7ec57b4da045ca5546a69b342933b,f6fc472598eb9b7559aaab03c8324819b8ac511d53ad796fcda86026a931e13e,88c84b715c572fc19a72ff86f3a08a3f2f2e21bc0bdd8d520ec332aa0585338a,7812ccb65e912f357a083da6649b3845bb79a970a1f2f41009f71e36b51e2a95
client_11,3534,884,"{""0"": 70, ""10"": 44, ""11"": 8, ""12"": 91, ""14"": 118, ""15"": 22, ""16"": 54, ""17"": 24, ""18"": 14, ""19"": 77, ""2"": 471, ""20"": 163, ""21"": 44, ""22"": 2, ""24"": 54, ""25"": 58, ""26"": 1, ""28"": 1, ""29"": 199, ""3"": 37, ""30"": 16, ""31"": 54, ""32"": 35, ""33"": 62, ""34"": 170, ""35"": 31, ""36"": 29, ""37"": 1, ""38"": 280, ""39"": 3, ""4"": 135, ""40"": 190, ""41"": 135, ""42"": 177, ""43"": 14, ""44"": 302, ""45"": 16, ""46"": 32, ""5"": 13, ""6"": 78, ""7"": 36, ""8"": 172, ""9"": 1}","{""0"": 18, ""10"": 6, ""11"": 6, ""12"": 17, ""14"": 23, ""15"": 7, ""16"": 14, ""17"": 2, ""18"": 4, ""19"": 13, ""2"": 137, ""20"": 35, ""21"": 4, ""22"": 1, ""23"": 1, ""24"": 4, ""25"": 14, ""29"": 52, ""3"": 11, ""30"": 2, ""31"": 20, ""32"": 12, ""33"": 17, ""34"": 42, ""35"": 13, ""36"": 7, ""37"": 1, ""38"": 63, ""4"": 39, ""40"": 47, ""41"": 44, ""42"": 47, ""43"": 6, ""44"": 71, ""45"": 5, ""46"": 9, ""5"": 4, ""6"": 16, ""7"": 7, ""8"": 42, ""9"": 1}",dbbf16033d759219091407acdaabdf545f159453f123dc6e7c23929f030b398d,605e9b75af8619da9e8824630c206823306b89814be6752dba03caf6972a176c,fbb60a6e56ed3f48f045a8a7fd9a5701e3205ce8303a2846c29eead2c10cc62d,133af3a41cb75905d953d512e87e9137f6dc95cbfd8230c5d29054b0ebf6f708
client_12,4642,1161,"{""0"": 86, ""1"": 445, ""10"": 141, ""11"": 28, ""12"": 39, ""13"": 251, ""14"": 37, ""15"": 3, ""16"": 44, ""17"": 15, ""18"": 263, ""2"": 33, ""20"": 122, ""21"": 130, ""22"": 1, ""23"": 172, ""24"": 79, ""25"": 1, ""26"": 1, ""27"": 1, ""28"": 77, ""29"": 36, ""3"": 23, ""30"": 113, ""31"": 40, ""32"": 2, ""33"": 66, ""34"": 7, ""35"": 255, ""36"": 1, ""37"": 11, ""38"": 23, ""39"": 6, ""4"": 31, ""40"": 57, ""41"": 1, ""42"": 59, ""43"": 297, ""44"": 27, ""45"": 767, ""46"": 257, ""5"": 6, ""6"": 52, ""7"": 275, ""9"": 261}","{""0"": 25, ""1"": 107, ""10"": 34, ""11"": 9, ""12"": 13, ""13"": 56, ""14"": 10, ""16"": 7, ""17"": 1, ""18"": 70, ""2"": 8, ""20"": 29, ""21"": 31, ""23"": 50, ""24"": 23, ""26"": 1, ""27"": 1, ""28"": 25, ""29"": 12, ""3"": 9, ""30"": 28, ""31"": 14, ""33"": 11, ""35"": 64, ""37"": 4, ""38"": 3, ""39"": 2, ""4"": 9, ""40"": 13, ""42"": 15, ""43"": 84, ""44"": 9, ""45"": 182, ""46"": 50, ""5"": 2, ""6"": 9, ""7"": 77, ""9"": 64}",c25bf924f3be2cf2ad6e13ba465fdfda60ca3a4aedc050e1a687e0b7fe666586,96d345c6bd01196395ed80f419cfe39cd1aad9810dc18d4b102faa2104fee921,9427c8375b2043c260eb37f09f3f3272ebf90139a84061320d0133ebeb0b13d7,2c85dee09d9872cbd762fef10ea5eae56c92b03590d8eb5186273c2bd31ab503
client_13,4984,1246,"{""0"": 4, ""1"": 11, ""10"": 112, ""11"": 1, ""12"": 22, ""13"": 53, ""14"": 1, ""15"": 34, ""16"": 51, ""17"": 4, ""18"": 10, ""19"": 482, ""2"": 36, ""20"": 52, ""21"": 14, ""22"": 9, ""23"": 2, ""24"": 1, ""25"": 79, ""26"": 5, ""27"": 338, ""28"": 555, ""29"": 415, ""3"": 36, ""30"": 7, ""31"": 129, ""32"": 2, ""33"": 6, ""34"": 52, ""35"": 94, ""36"": 181, ""37"": 3, ""38"": 11, ""39"": 42, ""4"": 61, ""40"": 365, ""41"": 215, ""42"": 59, ""43"": 9, ""44"": 14, ""45"": 266, ""46"": 536, ""5"": 42, ""6"": 26, ""7"": 284, ""8"": 28, ""9"": 225}","{""0"": 1, ""1"": 5, ""10"": 21, ""12"": 5, ""13"": 16, ""15"": 6, ""16"": 19, ""17"": 2, ""18"": 2, ""19"": 144, ""2"": 11, ""20"": 12, ""21"": 2, ""22"": 2, ""25"": 17, ""26"": 3, ""27"": 97, ""28"": 134, ""29"": 94, ""3"": 5, ""31"": 32, ""34"": 13, ""35"": 20, ""36"": 50, ""37"": 2, ""38"": 5, ""39"": 12, ""4"": 15, ""40"": 82, ""41"": 45, ""42"": 15, ""43"": 1, ""44"": 2, ""45"": 77, ""46"": 111, ""5"": 10, ""6"": 7, ""7"": 91, ""8"": 9, ""9"": 49}",339e49cbc018322325d880bba0b395ca948d52a2f968b27e4fcb0dd3a7f00905,e3af4e4777e861ebd6b3ff3faffeb6ea53e492251daa1824a9436765609dbb8a,281386c8275ecda2e24a0088cb201ab615eb5b84566374816aacc55ddbc59215,fca705b7083e363b3e8a04f430239488c50212124e42cc34520d7895064efb6c
client_14,5164,1291,"{""0"": 112, ""1"": 38, ""10"": 26, ""11"": 97, ""12"": 25, ""13"": 421, ""14"": 243, ""15"": 532, ""16"": 196, ""17"": 117, ""18"": 46, ""19"": 9, ""2"": 22, ""20"": 27, ""21"": 136, ""22"": 48, ""23"": 134, ""24"": 387, ""25"": 13, ""26"": 27, ""27"": 16, ""28"": 15, ""29"": 61, ""3"": 19, ""30"": 59, ""31"": 238, ""33"": 128, ""34"": 380, ""35"": 137, ""37"": 106, ""38"": 6, ""39"": 3, ""4"": 458, ""40"": 87, ""41"": 278, ""42"": 160, ""43"": 67, ""44"": 9, ""45"": 1, ""46"": 147, ""5"": 37, ""6"": 16, ""7"": 63, ""8"": 15, ""9"": 2}","{""0"": 33, ""1"": 12, ""10"": 5, ""11"": 27, ""12"": 7, ""13"": 105, ""14"": 54, ""15"": 141, ""16"": 55, ""17"": 28, ""18"": 14, ""19"": 1, ""2"": 7, ""20"": 6, ""21"": 26, ""22"": 7, ""23"": 34, ""24"": 101, ""25"": 1, ""26"": 5, ""27"": 2, ""28"": 3, ""29"": 16, ""3"": 7, ""30"": 13, ""31"": 64, ""32"": 1, ""33"": 23, ""34"": 87, ""35"": 30, ""37"": 22, ""38"": 3, ""4"": 103, ""40"": 21, ""41"": 77, ""42"": 32, ""43"": 18, ""44"": 4, ""45"": 1, ""46"": 45, ""5"": 20, ""6"": 8, ""7"": 16, ""8"": 5, ""9"": 1}",f2dab08522d4c2c308c4cd5256502c19a18d4c207ea6fe24daabab8c4598e80e,27e732855d6bae1b506b0b637b57fc0a5067ee925203f228a54ea552a7ac2035,2caa04fdbc8472ff9c63260a21abd4a42bd36333a8b414dc8ae3dabaa15d8e68,52e6b1ab2f5accff7cea57f8960268dc1833d42ce699aaa19855f2331b90dcff
client_15,4290,1073,"{""0"": 2, ""1"": 3, ""10"": 11, ""11"": 1, ""12"": 23, ""13"": 37, ""14"": 80, ""15"": 41, ""16"": 679, ""17"": 2, ""18"": 8, ""19"": 23, ""2"": 1, ""20"": 12, ""21"": 505, ""22"": 59, ""24"": 4, ""25"": 370, ""26"": 316, ""28"": 16, ""29"": 126, ""3"": 93, ""31"": 259, ""32"": 74, ""33"": 160, ""34"": 6, ""35"": 2, ""36"": 3, ""37"": 23, ""38"": 159, ""39"": 29, ""4"": 312, ""40"": 3, ""41"": 151, ""42"": 71, ""43"": 14, ""44"": 73, ""45"": 1, ""46"": 2, ""5"": 323, ""6"": 37, ""7"": 98, ""8"": 21, ""9"": 57}","{""1"": 1, ""10"": 5, ""12"": 8, ""13"": 9, ""14"": 25, ""15"": 9, ""16"": 160, ""17"": 3, ""19"": 7, ""20"": 2, ""21"": 107, ""22"": 12, ""24"": 2, ""25"": 95, ""26"": 72, ""28"": 1, ""29"": 29, ""3"": 28, ""31"": 58, ""32"": 21, ""33"": 49, ""37"": 8, ""38"": 33, ""39"": 11, ""4"": 86, ""40"": 4, ""41"": 43, ""42"": 18, ""43"": 5, ""44"": 16, ""45"": 1, ""46"": 1, ""5"": 88, ""6"": 6, ""7"": 20, ""8"": 3, ""9"": 27}",56e0689825be433254db08ba2560e4c9384275ad354c00617adb6f392959c393,af7a2a9b5ad791ab55a05c17c41b8f59de86747706ee28e2ddfc3ad715ffb97e,2fb994fda12ece99fe748b02c6f583676d72038feb049e5d92d5a09bd8495fd7,32fd0b7c1940d7d8396095479b0c478e3f38f4763fa573c7663efd1aa2fdb9f6
client_16,5657,1415,"{""0"": 36, ""1"": 6, ""10"": 12, ""11"": 74, ""12"": 255, ""13"": 85, ""14"": 2, ""15"": 479, ""16"": 69, ""17"": 127, ""18"": 101, ""19"": 115, ""2"": 8, ""20"": 587, ""21"": 53, ""22"": 110, ""23"": 39, ""24"": 275, ""25"": 18, ""26"": 8, ""27"": 141, ""3"": 18, ""30"": 7, ""31"": 50, ""32"": 472, ""33"": 44, ""34"": 266, ""35"": 19, ""36"": 27, ""37"": 58, ""38"": 199, ""39"": 128, ""4"": 242, ""40"": 34, ""41"": 123, ""42"": 10, ""43"": 363, ""44"": 123, ""45"": 2, ""46"": 7, ""5"": 105, ""6"": 729, ""7"": 16, ""8"": 1, ""9"": 14}","{""0"": 11, ""1"": 2, ""10"": 2, ""11"": 12, ""12"": 60, ""13"": 25, ""14"": 1, ""15"": 105, ""16"": 14, ""17"": 40, ""18"": 37, ""19"": 30, ""2"": 3, ""20"": 140, ""21"": 14, ""22"": 32, ""23"": 9, ""24"": 59, ""25"": 5, ""26"": 3, ""27"": 42, ""28"": 1, ""3"": 1, ""30"": 3, ""31"": 8, ""32"": 110, ""33"": 13, ""34"": 73, ""35"": 9, ""36"": 4, ""37"": 17, ""38"": 53, ""39"": 41, ""4"": 75, ""40"": 15, ""41"": 24, ""42"": 6, ""43"": 91, ""44"": 21, ""46"": 6, ""5"": 25, ""6"": 164, ""7"": 3, ""9"": 6}",6441ffc8068304529741632146901c007148bd295d8c72009d29d0eb4ec61ff8,ed664a9c72d4ae845cedaacd3c2081e6e34c41ef94846cff6acce7749641eec2,0fa7e31424e458dd3424b5e9b28b711529c9ffc39d9f948538f39c3b20bd2f79,556ed91bf84086bf6367224460ee5586e02eb85157500f2313fa954abb9be213
client_17,4500,1126,"{""0"": 12, ""1"": 76, ""11"": 247, ""12"": 52, ""13"": 95, ""14"": 14, ""15"": 12, ""16"": 399, ""17"": 78, ""18"": 143, ""2"": 4, ""20"": 23, ""21"": 80, ""22"": 38, ""23"": 105, ""24"": 17, ""25"": 21, ""26"": 43, ""27"": 202, ""28"": 125, ""29"": 159, ""3"": 48, ""30"": 30, ""31"": 2, ""32"": 229, ""33"": 167, ""34"": 9, ""35"": 181, ""36"": 230, ""37"": 108, ""38"": 3, ""40"": 38, ""41"": 67, ""42"": 177, ""43"": 69, ""44"": 16, ""45"": 64, ""46"": 569, ""5"": 198, ""6"": 13, ""7"": 7, ""8"": 96, ""9"": 234}","{""0"": 2, ""1"": 18, ""11"": 70, ""12"": 15, ""13"": 27, ""14"": 3, ""15"": 3, ""16"": 109, ""17"": 21, ""18"": 26, ""2"": 2, ""20"": 5, ""21"": 16, ""22"": 10, ""23"": 27, ""24"": 3, ""25"": 6, ""26"": 13, ""27"": 56, ""28"": 27, ""29"": 38, ""3"": 13, ""30"": 5, ""32"": 76, ""33"": 40, ""34"": 3, ""35"": 43, ""36"": 53, ""37"": 30, ""38"": 1, ""40"": 15, ""41"": 8, ""42"": 40, ""43"": 21, ""44"": 1, ""45"": 22, ""46"": 148, ""5"": 52, ""6"": 1, ""7"": 1, ""8"": 17, ""9"": 39}",ee66ccf6855a4dcf83dbca96c7ac9de57464d4fbd44259199a8d6cbb4e1f35ce,0ffd7f9e5384d42e40cb0c41e7f45067b3bd58282c6ab0020b2635c3cee39f2c,aa9bcfaf888c4b194f1aa64362ff20e0ed6927452c16d2a7d6f402b4a34a8611,7906459e8d4d760d7dccfbbf73c178752df1a9b6415a618d390e665d2faff6dd
client_18,4432,1109,"{""0"": 158, ""1"": 63, ""10"": 258, ""11"": 78, ""12"": 6, ""13"": 27, ""14"": 191, ""15"": 16, ""16"": 3, ""17"": 77, ""18"": 91, ""19"": 49, ""2"": 143, ""20"": 248, ""21"": 82, ""22"": 242, ""23"": 100, ""24"": 85, ""25"": 20, ""26"": 2, ""27"": 70, ""28"": 15, ""29"": 9, ""3"": 306, ""30"": 12, ""31"": 87, ""32"": 156, ""33"": 22, ""34"": 3, ""35"": 206, ""36"": 11, ""37"": 73, ""38"": 31, ""39"": 607, ""4"": 98, ""40"": 70, ""41"": 107, ""42"": 25, ""43"": 7, ""44"": 54, ""45"": 6, ""46"": 15, ""5"": 17, ""6"": 37, ""7"": 46, ""8"": 206, ""9"": 197}","{""0"": 39, ""1"": 16, ""10"": 65, ""11"": 19, ""12"": 1, ""13"": 7, ""14"": 48, ""15"": 4, ""16"": 1, ""17"": 19, ""18"": 23, ""19"": 12, ""2"": 36, ""20"": 62, ""21"": 21, ""22"": 61, ""23"": 25, ""24"": 21, ""25"": 5, ""27"": 18, ""28"": 4, ""29"": 2, ""3"": 76, ""30"": 3, ""31"": 22, ""32"": 39, ""33"": 6, ""34"": 1, ""35"": 51, ""36"": 3, ""37"": 18, ""38"": 8, ""39"": 152, ""4"": 25, ""40"": 18, ""41"": 27, ""42"": 6, ""43"": 1, ""44"": 14, ""45"": 1, ""46"": 3, ""5"": 4, ""6"": 9, ""7"": 12, ""8"": 52, ""9"": 49}",b5a0fa3caec4f48656c3fbca3b61a75b03b32e06526b1ce766abf889abf2479e,726f256af4483237e5ab5d8254259025002599ba4124802e69740debed0624ab,4e59799f11670efd26b5110e7e30669043240390301d061ec3992dd8bb93b300,63aa1061dd64a266ec4f44b5edf56349123a0c3502953bb25e00a311a98c4e10
client_19,4755,1189,"{""0"": 237, ""1"": 65, ""10"": 25, ""11"": 114, ""12"": 311, ""13"": 96, ""14"": 102, ""15"": 7, ""16"": 20, ""17"": 18, ""18"": 536, ""19"": 224, ""2"": 4, ""20"": 171, ""21"": 186, ""22"": 278, ""23"": 9, ""24"": 7, ""25"": 470, ""26"": 85, ""27"": 78, ""28"": 95, ""29"": 204, ""3"": 110, ""30"": 187, ""31"": 8, ""32"": 9, ""33"": 23, ""34"": 193, ""35"": 10, ""36"": 73, ""37"": 86, ""38"": 29, ""39"": 3, ""4"": 81, ""40"": 155, ""41"": 23, ""42"": 172, ""43"": 17, ""45"": 41, ""46"": 43, ""5"": 38, ""6"": 66, ""7"": 2, ""8"": 42, ""9"": 2}","{""0"": 69, ""1"": 11, ""10"": 14, ""11"": 20, ""12"": 67, ""13"": 27, ""14"": 25, ""15"": 1, ""16"": 6, ""17"": 2, ""18"": 129, ""19"": 47, ""2"": 4, ""20"": 42, ""21"": 51, ""22"": 61, ""24"": 1, ""25"": 107, ""26"": 19, ""27"": 22, ""28"": 19, ""29"": 65, ""3"": 30, ""30"": 44, ""31"": 2, ""32"": 2, ""33"": 9, ""34"": 55, ""35"": 3, ""36"": 21, ""37"": 34, ""38"": 7, ""39"": 4, ""4"": 18, ""40"": 34, ""41"": 2, ""42"": 54, ""43"": 4, ""44"": 1, ""45"": 14, ""46"": 5, ""5"": 7, ""6"": 13, ""8"": 16, ""9"": 1}",cbfa428c6473198b3f4dd18886d7d7e3c6456ed22613f3da56d91dd79d942cf0,908cd4cb91da27e91db51b7df954245d5302d0c3582dfd9bffe63037d3ec5952,866797aaf8561c2972e3fe53b893b87f65be7125f6fcc90a517686741b94488c,0a8dde1ba3ff1c04ee7962a38f06e782bc5bbe58abe16e632a9955892a719695
